sandi,no_izin,nama,tgl_jatuh_tempo_izin,npwp,modal_disetor,kpwdn,pulau,provinsi,kota,pengurus,pemegang_saham
777111112,13/87/DASP/34,Omni Pay Transfer Dana,01/01/0001,,0,KPwBI Provinsi DKI Jakarta,,,,,
777111113,13/93/DASP/39,Tranglo Indonesia,,21.055.712.0-071.000,0,KPwBI Provinsi DKI Jakarta,Jawa,Provinsi DKI Jakarta,Wil. Kota Jakarta Pusat,,
777230002,18/195/Tgl/3,Simpan Pinjam (KOSPIN) Jasa,,,0,KPwBI Tegal,Jawa,Provinsi Jawa Tengah,Kota Pekalongan,,
777248185,11/7/Btm/4,Citra Niaga Remittance,,02.956.533.0-215.000,300000000,KPwBI Provinsi Kepulauan Riau,Sumatera,Provinsi Kep. Riau,Kota Batam,Antony Sunarko,Fenny; Martini
777248329,11/12/Btm/7,Hosana Remittance,,02.956.703.9-215.000,0,KPwBI Provinsi Kepulauan Riau,Sumatera,Provinsi Kep. Riau,Kota Batam,,
777248877,15/127/Mdn/10,Top Exchange,,31.339.598.0-113.000,500000000,KPwBI Provinsi Sumatera Utara,Sumatera,Provinsi Sumatera Utara,Kota Medan,Myron Philemon Widyanata,Lidijawati Tandrawarsito; Veronica Wijaya
777248909,13/83/DASP/33,Andalusia Antar Benua,,,0,KPwBI Provinsi DKI Jakarta,Jawa,Provinsi DKI Jakarta,Wil. Kota Jakarta Selatan,,
777248911,14/100/DASP/42,Immer,,03.171.371.2-034.000,0,KPwBI Provinsi DKI Jakarta,Jawa,Provinsi DKI Jakarta,Wil. Kota Jakarta Timur,,
777249101,16/155/Btm/46,Kristal Multi Remitter,,,0,KPwBI Provinsi Kepulauan Riau,Sumatera,Provinsi Kep. Riau,Kab. Karimun,,
777249151,17/176/Btm/63,Global Transfer Dana,,,0,KPwBI Provinsi Kepulauan Riau,Sumatera,Provinsi Kep. Riau,Kota Batam,,
777249191,17/187/Btm/69,Asia Jaya Remindo,,72.036.681.4-215.000,500000000,KPwBI Provinsi Kepulauan Riau,Sumatera,Provinsi Kep. Riau,Kota Batam,Christian Angga Saputra,Christian Angga Saputra; Yusuf
777249192,17/185/Btm/68,Mulia Multi Remitter,,73.453.512.3-214.000,300000000,KPwBI Provinsi Kepulauan Riau,Sumatera,Provinsi Kep. Riau,Kota Tanjung Pinang,Roby,Budi; Roby
777249193,17/188/Btm/70,Wijaya Welson Fernando,,73.357.971.8-215.000,500000000,KPwBI Provinsi Kepulauan Riau,Sumatera,Provinsi Kep. Riau,Kota Batam,Hendry Welson,Desy Christina ; Hendry Welson
777249232,7/191/Btm/72,Willim Mandiri Sejahtera,,73.358.077.3-215.000,500000000,KPwBI Provinsi Kepulauan Riau,Sumatera,Provinsi Kep. Riau,Kota Batam,Rendy Willim,Linda; Marcelia Liminy; Rendy Willim ; Widarto
777249235,17/190/Btm/71,Homasindo Sukses Abadi d/h PT Batam Ekspres Utama,,73.346.600.7-215.000,2000000000,KPwBI Provinsi Kepulauan Riau,Sumatera,Provinsi Kep. Riau,Kota Batam,Sorostel,Alex Fernando; SOROSTEL
777249397,19/202/Btm/75,Buru Jaya Remitansi,,80.659.856.1-215.000,500000000,KPwBI Provinsi Kepulauan Riau,Sumatera,Provinsi Kep. Riau,Kota Batam,SYUKRI ER RAHMAD,IWAN KERISNAWAN; JOHAN
777249398,19/203/Btm/76,Nusa Jaya Mandiri Remittance,,80.659.850.4-215.000,500000000,KPwBI Provinsi Kepulauan Riau,Sumatera,Provinsi Kep. Riau,Kota Batam,Susanti,Santoso ; Susanti
777249409,19/208/PTK/6,Internasional Sukses Remiten,,80.391.105.6-701.000,500000000,KPwBI Provinsi Kalimantan Barat,Kalimantan,Provinsi Kalimantan Barat,Kota Pontianak,Yong Hok,Suarnati; Suwandi; Yong Hok
777249428,,Asia Karunia Raya,,80.047.212.8-215.000,1500000000,KPwBI Provinsi Kepulauan Riau,,,,Rudias ; Tandias Pangestu,Rudias ; Tandias Pangestu
777249429,19/214/Btm/79,Citra Prima Remitansi,,82.015.463.1-215.000,500000000,KPwBI Provinsi Kepulauan Riau,Sumatera,Provinsi Kep. Riau,Kota Batam,Keng Hau,Keng Hau; Syamsul
777249464,20/219/Mdn/12,Permata Artha Yudha,,76.538.045.6-125.000,0,KPwBI Provinsi Sumatera Utara,Sumatera,Provinsi Sumatera Utara,Kab. Deli Serdang,,
777249485,20/226/Mtr/4,Aneka Express Remittance,01/01/0001,,500000000,KPwBI Provinsi Nusa Tenggara Barat,Bali-Nusra,Provinsi Nusa Tenggara Barat,Kota Mataram,Endra Wijaya,
777249517,19/205/Sr/2,Jaringan Transfer Nusantara,,74.823.119.8-411.000,500000000,KPwBI Provinsi Banten,Jawa,Provinsi Banten,Kota Tangerang Selatan,Agustina Batubara; Jan V Harapan,Nicholas See Yew Seing; Sean Agrippin Ardianto Lim
777930015,18/196/DKSP/68,Fliptech Lentera Inspirasi Pertiwi,,74.903.660.4-412.000,1200000000,KPwBI Provinsi DKI Jakarta,Jawa,Provinsi Jawa Barat,Kota Depok,Ginanjar Ibnu Solikhin; Luqman Sungkar; Rafi Putra Arriyan,Bachtiar Sunasto ; Ginanjar Ibnu Solikhin; Luqman Sungkar; Rafi Putra Arriyan
777930016,19/200/DKSP/70,VIT Remittance,,,0,KPwBI Provinsi DKI Jakarta,Jawa,Provinsi DKI Jakarta,Wil. Kota Jakarta Utara,,
777930018,19/207/DKSP/73,Madame Express Remitindo,,75.239.062.5-408.000,0,KPwBI Provinsi DKI Jakarta,Jawa,Provinsi Jawa Barat,Kab. Karawang,,
777930019,19/208/Btm/78,Banda Internasional Remittance,,76.676.800.6-215.000,500000000,KPwBI Provinsi Kepulauan Riau,Sumatera,Provinsi Kep. Riau,Kota Batam,Sukriadi,Sabbihausni; Sukriadi
777930020,19/210/Bd/6,Surya Indojaya Gemilang,09/10/2026,75.531.969.6-429.000,1600000000,KPwBI Provinsi Jawa Barat,Jawa,Provinsi Jawa Barat,Kota Bandung,Fero Darmawi,Fero Darmawi; Yan Darmawi
777930021,19/213/Btm/78,Atlantik Jaya Remitansi,,82.015.635.4-215.000,250000000,KPwBI Provinsi Kepulauan Riau,Sumatera,Provinsi Kep. Riau,Kota Batam,Budi,Budi; You po
777930022,19/215/Btm/80,Anugrah Multi Remittance,,81.636.962.3-215.000,2000000000,KPwBI Provinsi Kepulauan Riau,Sumatera,Provinsi Kep. Riau,Kota Batam,Shau Ken Narwan Chen Putra,Ronika Butarbutar; Shau Ken Narwan Chen Putra
777930023,19/216/Btm/81,Antolys Cahaya Eksekutif,,81.494.645.5-215.000,500000000,KPwBI Provinsi Kepulauan Riau,Sumatera,Provinsi Kep. Riau,Kota Batam,A Nie,A Nie ; Kelvianto
777930024,19/209/Sb/4,Mitra Trans Optimal,,80.051.485.3-606.000,5000000000,KPwBI Provinsi Jawa Timur,Jawa,Provinsi Jawa Timur,Kota Surabaya,FX Gunawan Surya Suhardi; Sri Handayani,Cindranita Suhardi; Djoni Human Suhardi
777930025,19/212/DKSP/75,Teleanjar,,02.015.525.5-011.000,1192000000,KPwBI Provinsi DKI Jakarta,Jawa,Provinsi DKI Jakarta,Wil. Kota Jakarta Selatan,Mahmur Suriadiredja; Study Eka Putera,Ernest Irbardyanto Rares; PT Mitra Global Komunikasi
777930026,19/201/DKSP/71,EMQ Indonesia,,19.219.280.9-182.918,1000000000,KPwBI Provinsi DKI Jakarta,Jawa,Provinsi DKI Jakarta,Wil. Kota Jakarta Selatan,test,test
777930028,No 20/221/DKSP/78,Nusa Eksprestama Remittance,,,0,KPwBI Provinsi DKI Jakarta,Jawa,Provinsi DKI Jakarta,Wil. Kota Jakarta Pusat,,
777930030,20/218/DKSP/77,KSP Sahabat Mitra Sejati,,,0,KPwBI Provinsi DKI Jakarta,Jawa,Provinsi DKI Jakarta,Wil. Kota Jakarta Selatan,,
777930031,20/224/DKSP/80,Remitindo Dollar Asia Sejahtera,,71.702.978.9-043.000,500000000,KPwBI Provinsi DKI Jakarta,Jawa,Provinsi DKI Jakarta,Wil. Kota Jakarta Utara,REGINA; SUGITO,EMANUEL PUDJI ASTUTI; JOHANNES SIMBOLON; POPY SURJANTO
777930033,18/197/Btm/74,Axa Jaya Remitten,,75.320.898.2-215.000,500000000,KPwBI Provinsi Kepulauan Riau,Sumatera,Provinsi Kep. Riau,Kota Batam,Nur Feni Aryani,Nur Feni Aryani; Sartika
777930034,18/193/Btm/73,Hartono Sukses Sejahtera,,73.358.904.1-921.500,500000000,KPwBI Provinsi Kepulauan Riau,Sumatera,Provinsi Kep. Riau,Kota Batam,Jeffry Setiawan Hartono,Jeffry Setiawan Hartono; Rendy Willim
777930035,20/220/Btm/82,Citra Agung Pratama Remitansi,,82.995.323.1-215.000,300000000,KPwBI Provinsi Kepulauan Riau,Sumatera,Provinsi Kep. Riau,Kota Batam,Riyanto,Julianto; Riyanto
777930036,20/225/Btm/83,Frengky Jaya Remitansi,,83.296.130.4-215.000,500000000,KPwBI Provinsi Kepulauan Riau,Sumatera,Provinsi Kep. Riau,Kota Batam,Hendrikka Agustian Kusmin,Hendrikka Agustian Kusmin; Herpin
777930037,20/227/Btm/84,Mitra Transdana Nusantara,,83.107.264.0-215.000,500000000,KPwBI Provinsi Kepulauan Riau,Sumatera,Provinsi Kep. Riau,Kota Batam,Hendri,Hendri; Song Peng
777930039,20/229/Sb/5,Jawa Paket Express,,,0,KPwBI Provinsi Jawa Timur,Jawa,Provinsi Jawa Timur,Kota Surabaya,,
777930041,20/228/Btm/85,Cahaya Asia Remit,,83.763.337.9-215.000,0,KPwBI Provinsi Kepulauan Riau,Sumatera,Provinsi Kep. Riau,Kota Batam,,
777930042,20/232/Ptk/7,Marvindo Sukses Cemerlang,,,500000000,KPwBI Provinsi Kalimantan Barat,Kalimantan,Provinsi Kalimantan Barat,Kota Pontianak,Gunawan,Gunawan; Henny Meivinna; Ridick Tanjaya
777930043,20/233/Sb/6,PT SAN INDONESIA REMIT,01/01/0001,82.799.190.2-619.000,1100000000,KPwBI Provinsi Jawa Timur,Jawa,Provinsi Jawa Timur,Kota Surabaya,,
777930044,20/235/DKSP/83,Wallex Teknologi Berkat,,80.092.962.2-071.000,4000000000,KPwBI Provinsi DKI Jakarta,Jawa,Provinsi DKI Jakarta,Wil. Kota Jakarta Pusat,Andy Putra Priyo Utomo,Cherry Angela Widjaja; Christilia Angelica Widjaja
777930047,21/241/DKSP/88,PT Kawan Hai Hai Remittance,,,0,KPwBI Provinsi DKI Jakarta,Jawa,Provinsi DKI Jakarta,Wil. Kota Jakarta Utara,,
777930048,21/247/DKSP/92,ZND Asia Utama,,81.745.448.1-017.000,0,KPwBI Provinsi DKI Jakarta,Jawa,Provinsi DKI Jakarta,Wil. Kota Jakarta Pusat,,
777930049,20/236/Ml/4,Hokindo Sukses Bersama,,84.119.110.9-623.000,0,KPwBI Malang,Jawa,Provinsi Jawa Timur,Kota Malang,,
777930050,21/245/Bd/7,Kredigram Pembayaran Elektronis,05/04/2024,82.854.618.4-416.000,2617000000,KPwBI Provinsi DKI Jakarta,Jawa,Provinsi DKI Jakarta,Wil. Kota Jakarta Pusat,Firdaus Juli; Tony Indrali,Firdaus Juli; PT Mid Solusi Nusantara
777930051,21/244/DKSP/90,Midi Utama Indonesia,,,0,KPwBI Provinsi DKI Jakarta,Jawa,Provinsi Banten,Kota Tangerang,,
777930052,21/242/DKSP/89,Pelangi Indodata,,21.104.638.8.414.000,0,KPwBI Provinsi DKI Jakarta,Jawa,Provinsi Jawa Barat,Kab. Bekasi,,
777930053,21/243/Mdn/13,Index Internasional Remit,,75.866.955.0-122.000,0,KPwBI Provinsi Sumatera Utara,Sumatera,Provinsi Sumatera Utara,Kota Medan,,
777930055,21/250/Sb/7,TRI USAHA BERKAT,01/01/0001,85.691.576.4-604.000,3000000000,KPwBI Provinsi Jawa Timur,Jawa,Provinsi Jawa Timur,Kab. Sidoarjo,DIDIN NOOR ALI,DIDIN NOOR ALI; EMILA PUTRI NOOR ALI; GAGUK HANDOKO
777930056,21/253/Bd/8,Inklusi Keuangan Nusantara,14/08/2024,85.007.691.0-423.000,100000000000,KPwBI Provinsi Jawa Barat,Jawa,Provinsi Jawa Barat,Kota Bandung,Imam Kurnia Putra; Jefriyanto,PT Fazz Financial Group; PT Garuda Digital Investama
777930057,21/252/Btm/88,SUKSES REMITINDO BERSAMA,01/01/0001,90.536.617.5-215.000,250000000,KPwBI Provinsi Kepulauan Riau,Sumatera,Provinsi Kep. Riau,Kota Batam,ERLIN,ERLIN; MICHAEL FEBRISAL
777930058,21/258/Btm/91,SINAR UNIVERSAL REMITAN,,91.907.371.8-214.000,500000000,KPwBI Provinsi Kepulauan Riau,Sumatera,Provinsi Kep. Riau,Kota Tanjung Pinang,SIANTO,MELISA KALORADO LEBERTY; SIANTO
777930059,21/251/Btm/87,LIMA TRINITI REMITEN,,90.552.218.1-215.000,500000000,KPwBI Provinsi Kepulauan Riau,Sumatera,Provinsi Kep. Riau,Kota Batam,YUSMADIAYANTO,HERIANI; YUSMADIAYANTO
777930060,21/259/Btm/92,MITRA INDO REMITANSI,,91.059.525.5-215.000,500000000,KPwBI Provinsi Kepulauan Riau,Sumatera,Provinsi Kep. Riau,Kota Batam,Sofian Arissanto,"Candy; Sofian Arissanto, S.Kom"
777930061,21/248/Sr/3,Transwap Dunamis Indonesia,,80.218.140.4-402.000,2500000000,KPwBI Provinsi Banten,Jawa,Provinsi Banten,Kota Tangerang,Lili Dewi prawitosari,Surjadi Sjariffudin; Wong Chan Seng
777930062,21/257/Btm/90,LINTAS ASIA MANDIRI,,90.836.096.9-215.000,500000000,KPwBI Provinsi Kepulauan Riau,Sumatera,Provinsi Kep. Riau,Kota Batam,SAUD ALFARIZ,HERY; WIE LIANG
777930063,21/263/Btm/94,ANUGRAH PROSPEK REMITANSI,,91.611.074.5-214.000,500000000,KPwBI Provinsi Kepulauan Riau,Sumatera,Provinsi Kep. Riau,Kota Tanjung Pinang,Emirisa Hasugian,Emirisa Hasugian; Johansa
777930064,21/267/Jkt/3,Dompet Harapan Bangsa,,83.801.410.8-033.000,100000000,KPwBI Provinsi DKI Jakarta,Jawa,Provinsi DKI Jakarta,Wil. Kota Jakarta Pusat,Jan Kristanto,Jan Kristanto; Jesayas Ferdinandus
777930065,21/261/Jkt/1,Nium Mitra Indonesia,01/01/0001,82.062.130.8-022.000,1000000000,KPwBI Provinsi DKI Jakarta,Jawa,Provinsi DKI Jakarta,Wil. Kota Jakarta Selatan,,
777930066,21/254/Btm/89,ALADIN VALASINDO REMINDO,,16.577.843.2-215.000,150000000,KPwBI Provinsi Kepulauan Riau,Sumatera,Provinsi Kep. Riau,Kota Batam,DENNIS SUTIKNO; HENDI,DAVID SUGIANTO; DENNIS SUTIKNO; HENDI; SARJATI
777930067,21/262/Btm/93,Swandson Semesta Remitan,,91.641.130.9-214.000,300000000,KPwBI Provinsi Kepulauan Riau,Sumatera,Provinsi Kep. Riau,Kota Tanjung Pinang,JACKSON,JACKSON; SUWANDY
777930068,21/266/Btm/96,INDORAYA SEHATI REMITTANCE,,92.274.063.4-223.000,500000000,KPwBI Provinsi Kepulauan Riau,Sumatera,Provinsi Kep. Riau,Kab. Karimun,SUANDI,SAFINA; SUANDI
777930069,21/263/Jkt/2,ZEN ETRANSFER NUSANTARA,,82.407.029.6-037.000,500000000,KPwBI Provinsi DKI Jakarta,Jawa,Provinsi DKI Jakarta,Wil. Kota Jakarta Pusat,BONG DEFENDY,BONG DEFENDY; ERWIN PURNAMA; WILLIAM LAMUDA; YULIUS RUSTIANDI OYONG
777930070,21/271/Btm/97,PT.SURYA CITRA REMITAN,,92.725.849.1-215.000,300000000,KPwBI Provinsi Kepulauan Riau,Sumatera,Provinsi Kep. Riau,Kota Batam,ANGELINA,ANGELINA; FEBRIAN HALIM
777930071,23/732/DKSP/Srt/B,PT Fasa Centra Artajaya,,313664443542000,15000000000,KPwBI D.I. Yogyakarta,Jawa,Provinsi Daerah Istimewa Yogyakarta,Kab. Sleman,Thomas Budi Krisnanto; Yosep Agung Tri Atmojo,Eddy Susanto; Thomas Budi Krisnanto; Yosep Agung Tri Atmojo
777930072,21/268/Kd/5,Mitra Cahaya Sampoerna,,91.234.675.6-629.000,125000000,KPwBI Kediri,Jawa,Provinsi Jawa Timur,Kab. Tulungagung,Saiful Hadi,Agus Indarto; Saiful Hadi
777930073,22/278/Cn/11,Amanah Antar Arta,,93.506.658.9-426.000,100000000,KPwBI Cirebon,Jawa,Provinsi Jawa Barat,Kota Cirebon,Surya Sumirat,Irene Yulie Trisharyani; Surya Sumirat
777930074,21/277/Btm/98,GEREN BATAM REMITAN,,93.205.878.7-215.000,500000000,KPwBI Provinsi Kepulauan Riau,Sumatera,Provinsi Kep. Riau,Kota Batam,Mei Winna,Mei Winna; Mutiara Putri Dewi
777930075,22/275/Jkt/4,KSP Indosurya Cipta,,02.553.999.0-025.000,5375000000,KPwBI Provinsi DKI Jakarta,Jawa,Provinsi DKI Jakarta,Wil. Kota Jakarta Selatan,Charly Crenna Darussallam; Mila Pertiwi Soeminto; Sonia,-
777930076,22/279/Jkt/5,Sunrate Commercial Services,01/01/0001,85.114.592.0-022.000,4131300000,KPwBI Provinsi DKI Jakarta,Jawa,Provinsi DKI Jakarta,Wil. Kota Jakarta Pusat,Bao Han,Sunrate Partners UK Limited; Sunrate Solutions Limited
777930077,22/282/Jkt/6,ASIA PELANGI REMITEN,,80.888.251.0-011.000,100000000,KPwBI Provinsi DKI Jakarta,Jawa,Provinsi DKI Jakarta,Wil. Kota Jakarta Pusat,MARZUKI LUBIS; ZULFADHLI LUBIS,Insinyur HERO EKONOMOSA A.P.M.COMP; MARZUKI LUBIS ; MUSLIM ISKANDAR MUHAMMAD; ZULFADHLI LUBIS
777930078,22/283/Jkt/7,Pelita Transfer Nusantara,01/01/0001,85.411.994.8-011.000,500000000,KPwBI Provinsi DKI Jakarta,Jawa,Provinsi DKI Jakarta,Wil. Kota Jakarta Selatan,Crisman Wise Patuan Silaban,Crisman Wise Patuan Silaban; Joi Hansen Silaban; Pardiaman Silaban
777930079,22/287/Jkt/8,Indogo Express Remittance,,92.022.378.1-067.000,2510000000,KPwBI Provinsi DKI Jakarta,Jawa,Provinsi DKI Jakarta,Wil. Kota Jakarta Pusat,"Ho, Ming - Che; Yang, Li-Yong","Digital Idea Multi-Media Co.,LTD; Ho, Ming - Che"
777930080,,UCE Global Utama,,76.271.399.8-503.000,600000000,KPwBI Provinsi Jawa Tengah,,,,Yusannie Chandra,Bambang Utomo; Theresia Halim; Yusannie Chandra
777930081,22/288/Jkt/9,Asia Fintek Teknologi,,84.747.813.8-074.000,10000000000,KPwBI Provinsi DKI Jakarta,Jawa,Provinsi DKI Jakarta,Wil. Kota Jakarta Pusat,Heldyanto; Ricardo Elias; Rudy Santoso; Siska Pranolo,Vincent Jaya Saputra; Yao Guo Jian
777930082,22/274/Yk/2,PT Indo Mandiri Remitten,,92.983.327.5-215.000,250000000,KPwBI Provinsi Kepulauan Riau,Sumatera,Provinsi Kep. Riau,Kota Batam,,
777930083,,BENUA ASIA ABADI,,91.372.157.7-215.000,500000000,KPwBI Provinsi Kepulauan Riau,,,,FANDIAS,FANDIAS; TANDIAS PANGESTU
777930084,,Harga Kurs Remit,,95.562.350.9-322.000,125000000,KPwBI Provinsi Lampung,,,,Mochtar Cakra,Indrianny Lukman; Mariska Sugianto; Mochtar Cakra; Sintikhe Sugianto
777930085,,SEN REMIT INDO,,94.946.109.9-215.000,250000000,KPwBI Provinsi Kepulauan Riau,,,,ADRIAN LUFTAN,ADRIAN LUFTAN; SEN SEN
777930086,,SUGEH ARTO REMITAN,,95.804.552.8-214.000,500000000,KPwBI Provinsi Kepulauan Riau,,,,Ryan Rinaldi,RYAN RINALDI; TRIYANTO
777930087,,HSS SUMBER REMITAN,,95.153.178.9-215.000,500000000,KPwBI Provinsi Kepulauan Riau,,,,Wendy Wiratama,Sovia; Wendy Wiratama
777930088,,MITRADANA SEJAHTERA REMITEN,,95.331.073.7-215.000,500000000,KPwBI Provinsi Kepulauan Riau,,,,DAVID,HERRY; JONO
777930089,23/294/Jkt/10,DHANAPATRA LOKA ABADI,01/01/0001,86.362.929.1-017.000,100000000,KPwBI Provinsi DKI Jakarta,,,,ASHA QUINTA SUNCAR; BAGUS WIDAYATMO,ANGGRAINI HAPSARITAMI; MAYA SULISTIAWATI
777930090,,Sugeh Makmur Remitan,,95.804.526.2-215.000,500000000,KPwBI Provinsi Kepulauan Riau,,,,Noviantoni,NOVIANTONI; Nur Afni Rahmadani Esya
777930091,,PASIFIK MITRA UTAMA REMITTANCE,,96.350.335.4-215.000,500000000,KPwBI Provinsi Kepulauan Riau,,,,FIKKO ADI PUTRA,DESY JULIATY; JASMINE FIDELIA
777930092,23/301/Jkt/11,Remit Ekspres Indonesia,01/01/0001,93.449.155.6-017.000,501000000,KPwBI Provinsi DKI Jakarta,,,,Irvan Yadi Bahfen; Mohammad Horison Khalasha,Haykel Widiasmoko; Irvan Yadi Bahfen
777930093,,GLOBAL SUKSES TRANSFERDANA,,91.263.972.1-215.000,250000000,KPwBI Provinsi Kepulauan Riau,,,,JUWIS,ARWI; JUWIS; TAN SIA MENG
777930094,,Inti Pratama Internasional,01/01/0001,92.861.965.9-033.000,250000000,KPwBI Provinsi DKI Jakarta,,,,Suerwin,Linus Hendara; Suerwin
777930095,,Sukses Bersama Permata,,80.521.318.8-922.000,250000000,KPwBI Provinsi Nusa Tenggara Timur,,,,HENDI JUANTO,CHANDRA SENTOSA; HENDI JUANTO
777930096,,Wise Payments Indonesia,,90.339.519.2-076.000,2500000000,KPwBI Provinsi DKI Jakarta,,,,Yenny Sjah,TransferWise Ltd.; Wise Asia-Pacific Pte. Ltd.
777930097,21/305/DKI/B/15-000,PT MONETA PEMBAYARAN TEKNOLOGI,01/01/0001,95.076.613.9-036.000,2500000000,KPwBI Provinsi DKI Jakarta,,,,HERLIN HARTATI,HERLIN HARTATI; YENTI YUSTIANA
777930098,21/310/Bd/B/10-001,Kirim Uang Indonesia,05/10/2026,93.495.424.9-405.000,1000000000,KPwBI Provinsi Jawa Barat,Jawa,Provinsi Jawa Barat,Kab. Sukabumi,Dharma Yasa Jayanto,Dharma Yasa Jayanto; Theresia Jayanto
777930099,,PT DIGITAL SOLUSI PRATAMA,01/01/0001,92.636.426.6-416.000,10000000000,KPwBI Provinsi Banten,,,,Cosmas Setiawan Suwono; Wendy Wiradjaja,PT Investasi Pratama Digital; PT Rintis Sejahtera
777930100,21/311/Jkt/B/17-001,GIAT BANGUN INDONESIA,01/01/0001,41.620.984.9-064.000,1625000000,KPwBI Provinsi DKI Jakarta,,,,Muhammad Andriyanto,Joey Christian Siddharta; kenny
777930101,23/312/Yk/B/4-001,Bintang Utara Nusantara,18/10/2026,94.284.237.8-542.000,500000000,KPwBI D.I. Yogyakarta,Jawa,Provinsi Daerah Istimewa Yogyakarta,Kab. Sleman,Ignatius Adhi Kristian; JUFRI RAMADHAN SINURAT; RIA PATAR CARNEGIE,JUFRI RAMADHAN SINURAT; RIA PATAR CARNEGIE; ROTUA REALITA SINURAT
777930102,,Top Dolar Remitan,,95.874.317.1-215.000,500000000,KPwBI Provinsi Kepulauan Riau,,,,Hanifah Putri Saufi,Harnaso; Willi Wandira
777930103,,Silot Technology Indonesia,,92.164.865.5-022.000,2500000000,KPwBI Provinsi DKI Jakarta,,,,Li Bochen,Silot Hong Kong Ltd; Silot PTE LTD
777930104,,Paramas Murni Jaya,,93.450.464.8-026.000,1000000000,KPwBI Provinsi DKI Jakarta,,,,Mellya Husin,Emil Chandra; Mellya Husin; Swandra Chandra
777930105,24/318/Jkt/B/19-001,Achilles Financial Systems,01/01/0001,03.264.904.8-011.000,2829900000,KPwBI Provinsi DKI Jakarta,,,,Charles Guinot,Achilles FInancial Systems Pte. Ltd; Achilles Systems Pte. Ltd
777930106,,KREIGAN DIGITAL WESEL,01/01/0001,94.284.117.2-416.000,3000000000,KPwBI Provinsi Banten,,,,Stepanus Hermawan,Eric Lasac Pardede; Kreigan sentral teknologi; PT. Satu Solusi Dompet Indonesia
777930107,24/14/Jkt/Srt/B,NANDY DANA EKSPRES,01/01/0001,93.048.234.4-034.000,125000000,KPwBI Provinsi DKI Jakarta,,,,STEPHANY,INDRA; TJIOE VALLENTZ
777930108,,Pundimas Sentral Dana,,86.450.444.4-063.000,100000000,KPwBI Provinsi DKI Jakarta,,,,Stella Lesmana,Stevenson Wahjudi; Tjoeng Fie Tjen
777930109,,Berkah Digital Pembayaran,,42.072.403.1-618.000,5000000000,KPwBI Provinsi Jawa Timur,,,,Adriansyah; Andri Pribadi Wiriasto,"Adriansyah; Drs. H. Soemartono, MM; Juniarni Mawardah; Lia Nawang Sari; Muchlis"
777930110,,SAHABAT KIRIM DIGITAL,01/01/0001,42.499.659.3-451.000,2500000000,KPwBI Provinsi Banten,,,,YOGA CHANDRA SUDEWO,SONYA FELICIA; YOGA CHANDRA SUDEWO
777930111,,DIGITAL TRANSFER INDONESIA,,95.442.241.6-905.000,250000000,KPwBI Provinsi Bali,,,,BINSAR HASIHOLAN TAMPUBOLON,BINSAR HASIHOLAN TAMPUBOLON; MULIANA HIDAJAT; RUTH BINAWATY G LUMBANTOBING
777930114,,INDO BEST UTAMA REMITTANCE,,60.738.793.3-215.000,500000000,KPwBI Provinsi Kepulauan Riau,,,,SHERLY,FIKKO ADI PUTRA; JASMINE FIDELIA; SHERLY; WIE LIANG
777930115,25/340/Jkt/B/30-001,Brankas Teknologi Indonesia,01/01/0001,83.275.051.7-016.000,10125000000,KPwBI Provinsi DKI Jakarta,,,,Kenneth Shane Nils Shaw,Brankas Pte Ltd; PT Duta Amanat Indonesia
777930129,,Sinergi Transaksi Teknologi Indonesia,,40.408.023.6-503.000,2500000000,KPwBI Provinsi Jawa Tengah,,,,Malvin Agusto Sulistyo,Malvin Agusto Sulistyo; Martin Julio Sulistyo
777951823,14/112/DASP/46,Sumber Alfaria Trijaya,,01.336.238.9-054.000,0,KPwBI Provinsi DKI Jakarta,Jawa,Provinsi Banten,Kota Tangerang,,
777952522,12/47/DASP/12,Pegadaian,,01.001.668.1-093.001,6250000000001,KPwBI Provinsi DKI Jakarta,Jawa,Provinsi DKI Jakarta,Wil. Kota Jakarta Pusat,Damar Latri Setiawan1; Gunawan Sulistyo1; Harianto Widodo1; Kuswiyoto1; Moh. Edi Isdwiarto1; Ninis Kesuma Adriani1; Teguh Wahyono1,Negara Republik Indonesia; PT Bank Rakyat Indonesia Tbk
777953362,13/88/Bd/4,PT Pos Indonesia,27/12/2026,01.001.620.2-093.000,455023000000,KPwBI Provinsi Jawa Barat,Jawa,Provinsi Jawa Barat,Kota Bandung,Endy Pattia R. A.; Faizal Rochmad Djoemadi; Hariadi; Haris; Prasabri Pesti; Siti Choiriana; Tonggo Marbun,Pemerintah Republik Indonesia
777953739,11/39/DASP/8,VIP Remittance,,02.534.526.5-008.000,0,KPwBI Provinsi DKI Jakarta,Jawa,Provinsi DKI Jakarta,Wil. Kota Jakarta Pusat,,
777957798,13/92/DASP/38,Mobile Coin Asia,,03.078.956.4-013.000,0,KPwBI Provinsi DKI Jakarta,Jawa,Provinsi DKI Jakarta,Wil. Kota Jakarta Selatan,,
777958110,11/5/DASP/2,PT Syaftraco (d/h CV. Syaftraco),,,0,KPwBI Provinsi DKI Jakarta,Jawa,Provinsi DKI Jakarta,Wil. Kota Jakarta Selatan,,
777958111,11/6/DASP/3,AGUNG REMITTANCE GLOBAL,,01.949.109.1-016.000,6000000000,KPwBI Provinsi DKI Jakarta,Jawa,Provinsi DKI Jakarta,Wil. Kota Jakarta Selatan,AGUNG PRIBUMI; SYAFRI FAUZIATY,AGUNG PRIBUMI; NIZARWAN NAWAS; SYAFRI FAUZIATY
777958112,11/8/Btm/3,Able Remittance,,02.903.217.4-036.000,250000000,KPwBI Provinsi DKI Jakarta,Jawa,Provinsi DKI Jakarta,Wil. Kota Jakarta Barat,Jesslyn Tania,Jesslyn Tania; Karolin Lestari
777958113,11/14/DASP/4,Tiki Jalur Nugraha Ekakurir,,10.539.710.2-038.000,0,KPwBI Provinsi DKI Jakarta,Jawa,Provinsi DKI Jakarta,Wil. Kota Jakarta Barat,,
777958114,No.11/15/DASP/5,Pacto,,01.308.540.2-014.000,0,KPwBI Provinsi DKI Jakarta,Jawa,Provinsi DKI Jakarta,Wil. Kota Jakarta Pusat,,
777958115,11/30/DASP/6,Eka Bakti Amerta Yoga Sejahtera,,02.534.526.5-008.000,0,KPwBI Provinsi DKI Jakarta,Jawa,Provinsi DKI Jakarta,Wil. Kota Jakarta Timur,,
777958116,11/31/DASP/7,Indomarco Prismatama,,01.337.994.6-092.000,0,KPwBI Provinsi DKI Jakarta,Jawa,Provinsi DKI Jakarta,Wil. Kota Jakarta Utara,,
777958117,11/41/DASP/9,Dhasatra Moneytransfer,,02.671.838.7-011.000,1000000000,KPwBI Provinsi DKI Jakarta,Jawa,Provinsi DKI Jakarta,Wil. Kota Jakarta Selatan,GARICK FISHER HARIYANTO; IR. DANIL TINTO HENDRA; NICOLAS RUDYANTO DHARMAWAN; SJAMSUL HERIJANTO,NICOLAS RUDYANTO DHARMAWAN; PT. Indoportal Internasional Indonesia
777958118,12/42/DASP/10,Priority Valasindo,,,0,KPwBI Provinsi DKI Jakarta,Jawa,Provinsi Banten,Kota Tangerang,,
777958119,12/46/DASP/11,Artha Semesta Utama,,02.979.109.2-014.000,1000000000,KPwBI Provinsi DKI Jakarta,Jawa,Provinsi DKI Jakarta,Wil. Kota Jakarta Pusat,Bagus Widayatmo,Bagus Widayatmo; Mohamad Wisya Aditama
777958121,12/51/DASP/15,Berkat Gerizim,,02.860.756.2-032.000,0,KPwBI Provinsi DKI Jakarta,Jawa,Provinsi DKI Jakarta,Wil. Kota Jakarta Barat,,
777958122,12/54/DASP/17,Adisena Mitra Usaha,,02.155.482.9-411.000,0,KPwBI Provinsi DKI Jakarta,Jawa,Provinsi DKI Jakarta,Wil. Kota Jakarta Selatan,,
777958123,12/55/DASP/18,Kangaroo Ausindo,,02.143.303.2-019.000,0,KPwBI Provinsi DKI Jakarta,Jawa,Provinsi DKI Jakarta,Wil. Kota Jakarta Selatan,,
777958124,12/56/DASP/19,Wintrust Indonesia,,02.681.982.1-041.000,0,KPwBI Provinsi DKI Jakarta,Jawa,Provinsi DKI Jakarta,Wil. Kota Jakarta Pusat,,
777958125,12/57/DASP/20,MM Indonesia,,02.991.785.3-012.000,600000000,KPwBI Provinsi DKI Jakarta,Jawa,Provinsi DKI Jakarta,Wil. Kota Jakarta Pusat,Amos Xavier Djajasaputra; Sri Chandra Yasmina,F. Salika Pratama F; Sri Chandra Yasmina
777958127,12/65/DASP/24,Prima Express Remit,,02.838.874.2-086.000,0,KPwBI Provinsi DKI Jakarta,Jawa,Provinsi DKI Jakarta,Wil. Kota Jakarta Barat,,
777958129,12/72/DASP/27,Aryadana,,31.698.640.5-002.000,500000000,KPwBI Provinsi DKI Jakarta,Jawa,Provinsi DKI Jakarta,Wil. Kota Jakarta Timur,Hari Sobari,Hari Sobari; Nuraeni
777958130,13/73/DASP/28,Uang Kita,,,0,KPwBI Provinsi DKI Jakarta,Jawa,Provinsi DKI Jakarta,Wil. Kota Jakarta Pusat,,
777958131,13/77/DASP/30,Indo Koala Remittance,,02.995.454.2-005.000,0,KPwBI Provinsi DKI Jakarta,Jawa,Provinsi DKI Jakarta,Wil. Kota Jakarta Selatan,,
777958132,13/82/DASP/32,GPL Remittance Indonesia,,03.089.657.5-032.000,2238250000,KPwBI Provinsi DKI Jakarta,Jawa,Provinsi DKI Jakarta,Wil. Kota Jakarta Barat,KENNY LEO; MUHAMMAD FARVEZ,GPL WORLDWIDE PTE LTD; KENNY LEO
777958138,14/98/DASP/41,First Money,,03.037.174.4-023.000,10000000000,KPwBI Provinsi DKI Jakarta,Jawa,Provinsi DKI Jakarta,Wil. Kota Jakarta Pusat,Randyaz Iskandar; Shu Jianqin; Xu Zheng,Justisiari Kusumah; PT Mana Technolgy Indonesia
777958140,11/2/Pwt/1,Mahkota Cahaya Mulia Abadi (d/h CV. Cahaya Mulia Abadi),,,0,KPwBI Purwokerto,Jawa,Provinsi Jawa Tengah,Kab. Cilacap,,
777958141,11/9/Ml/1,Dana Sukses Abadi (d/h CV. Toyo Remittance Co),,31.795.060.8-623.000,0,KPwBI Malang,Jawa,Provinsi Jawa Timur,Kota Malang,,
777958143,11/11/Mdn/1,Top Remit,,02.744.767.1-121.000,600000000,KPwBI Provinsi Sumatera Utara,Sumatera,Provinsi Sumatera Utara,Kota Medan,Denny Sutomo; Erwin; Hariatno Widjaja; Henry Wirawan; Hermanto,Hariatno Widjaja; Henry Wirawan; Hermanto; Sumarni Sumarto
777958145,11/13/Mdn/3,Global Remit,,02.749.343.6-111.000,5000000000,KPwBI Provinsi Sumatera Utara,Sumatera,Provinsi Sumatera Utara,Kota Medan,Edward Jan; Kho Lucy Widjanarko,Hadiyono Kosasih; Edward Jan; Kosim Kosasih
777958146,11/18/Btm/5,Global Remittance Services,,29.035.953.2-150.00_,500000000,KPwBI Provinsi Kepulauan Riau,Sumatera,Provinsi Kep. Riau,Kota Batam,Hendra,Hendra; Indra
777958147,11/20/Cn/1,Rafana Remitindo (d/h CV. Rafana),,21.041.009.8-426.000,1500000000,KPwBI Cirebon,Jawa,Provinsi Jawa Barat,Kab. Cirebon,Rizky Afrian,Hajjah Nuniek Suniani; Rizky Afrian
777958148,11/24/Dpr/1,Remiten Indonesia,,,0,KPwBI Provinsi Bali,Bali-Nusra,Provinsi Bali,Kab. Badung,,
777958149,11/25/PTK/2,Gemilang Cipta Pratama Express,,,0,KPwBI Provinsi Kalimantan Barat,Kalimantan,Provinsi Kalimantan Barat,Kota Pontianak,,
777958150,11/26/Mdn/4,Worldwide Express Remittance,,02.749.429.3-111.000,2500000000,KPwBI Provinsi Sumatera Utara,Sumatera,Provinsi Sumatera Utara,Kota Medan,Annora Calista; Sally Yusdiani,Annora Calista; Sally Yusdiani; Suwito Ngaharjo
777958152,11/36/Btm/14,Niaga Lestari Remittance,,02.983.982.6-215.000,0,KPwBI Provinsi Kepulauan Riau,Sumatera,Provinsi Kep. Riau,Kota Batam,,
777958154,13/84/PTK/4,Eastern Transglobal Remittance (d/h CV. Global Remittance Xpress),,,0,KPwBI Provinsi Kalimantan Barat,Kalimantan,Provinsi Kalimantan Barat,Kota Pontianak,,
777958156,12/50/Cn/4,Harsya Remitindo (d/h Sdri. Cucu Juniati),,,0,KPwBI Cirebon,Jawa,Provinsi Jawa Barat,Kab. Indramayu,,
777958159,12/63/Cn/5,BMT El-Amanah 225 Tukdana,,21.110.393.2-437.000,0,KPwBI Cirebon,Jawa,Provinsi Jawa Barat,Kab. Indramayu,,
777958160,12/68/Mdn/7,Anugrah Danamas Remit,,21.125.228.3-122.000,0,KPwBI Provinsi Sumatera Utara,Sumatera,Provinsi Sumatera Utara,Kota Medan,,
777958164,11/38/PTK/3,Eastern Global Remittance,,,0,KPwBI Provinsi Kalimantan Barat,Kalimantan,Provinsi Kalimantan Barat,Kota Pontianak,,
777958165,13/85/Bd/2,Golden Remittance,17/08/2026,31.381.324.8.423.000,0,KPwBI Provinsi Jawa Barat,Jawa,Provinsi Jawa Barat,Kota Bandung,,
777958166,13/86/Bd/3,Bina Putra Sadaya,17/08/2026,31.348.138.4-439.000,0,KPwBI Provinsi Jawa Barat,Jawa,Provinsi Jawa Barat,Kab. Subang,,
777958167,14/94/Sb/2,Apikko,,,0,KPwBI Provinsi Jawa Timur,Jawa,Provinsi Jawa Timur,Kota Surabaya,,
777958168,14/95/PTK/3,Fusindo Soka,,,10000000000,KPwBI Provinsi Kalimantan Barat,Kalimantan,Provinsi Kalimantan Barat,Kota Pontianak,Abu Hanifah; Muhammad Kusumariyanto,Daris Kusuma Widjaja; Muhammad Kusumariyanto
777958170,14/104/Mdn/8,Mega Xpress Remittance,,31.423.488.5-122.000,0,KPwBI Provinsi Sumatera Utara,Sumatera,Provinsi Sumatera Utara,Kota Medan,,
777958171,14/118/Btm/32,Songpeng Valasindo,,03.256.009.6-215.000,500000000,KPwBI Provinsi Kepulauan Riau,Sumatera,Provinsi Kep. Riau,Kota Batam,Song Peng,Hendri; Song peng
777958174,15/135/Kd/3,Brunsia Samudra,,,0,KPwBI Kediri,Jawa,Provinsi Jawa Timur,Kab. Tulungagung,,
777958675,15/140/DASP/49,INTRAJASA TEKNOSOLUSI,,03.205.477.7-018.000,10660000000,KPwBI Provinsi DKI Jakarta,Jawa,Provinsi DKI Jakarta,Wil. Kota Jakarta Selatan,Deddy Wahyu Sugiarto,Bali Top Changer; PT. Duta Agensi
777958791,15/132/Btm/41,Joyan Mandiri Sukses,,32.619.892.2-150.00_,500000000,KPwBI Provinsi Kepulauan Riau,Sumatera,Provinsi Kep. Riau,Kota Batam,Kelvin,Jonsen; Sucipto
777958792,15/143/Cn/8,Sumber Rejeki Daya Utama,,,0,KPwBI Cirebon,Jawa,Provinsi Jawa Barat,Kab. Cirebon,,
777958796,15/141/DASP/50,Solusi Multi Artha,,02.952.058.2-029.000,0,KPwBI Provinsi DKI Jakarta,Jawa,Provinsi DKI Jakarta,Wil. Kota Jakarta Pusat,,
777958798,15/147/DKSP/54,Western Union Indonesia,,03.219.988.7-077.000,0,KPwBI Provinsi DKI Jakarta,Jawa,Provinsi DKI Jakarta,Wil. Kota Jakarta Selatan,,
777958799,15/148/DKSP/55,MoneyGram Payment Systems Indonesia,,03.257.664.7-012.000,0,KPwBI Provinsi DKI Jakarta,Jawa,Provinsi DKI Jakarta,Wil. Kota Jakarta Selatan,,
777959090,16/153/DKSP/59,Jasa Kembar Kilat,,31.639.519.3-034.000,0,KPwBI Provinsi DKI Jakarta,Jawa,Provinsi DKI Jakarta,Wil. Kota Jakarta Utara,,
777959154,17/157/Cn/9,Cipta Hemat Sukses,,71.320.925.2-437.000,2500000000,KPwBI Cirebon,Jawa,Provinsi Jawa Barat,Kab. Indramayu,Arif Firmansyah,Arif Firmansyah; Fredrick Hasudungan
777959200,17/156/Bd/5,PT Reyhan Putra Mandiri,27/01/2026,31.680.188.5-439.000,16000000000,KPwBI Provinsi Jawa Barat,Jawa,Provinsi Jawa Barat,Kab. Subang,Arman Bhariadi; Iman Wahyudin,Iman Wahyudin; PT Digi Asia Bios; PT Digi Investama Asia
777959205,17/159/Btm/47,Cahaya Mas Valasindo,,71.496.504.3-215.000,500000000,KPwBI Provinsi Kepulauan Riau,Sumatera,Provinsi Kep. Riau,Kota Batam,A Nie,A Nie ; Cia Tjun Tjai
777959219,17/169/Btm/56,Zona Transindo Remittance,,72.738.243.4-223.000,520000000,KPwBI Provinsi Kepulauan Riau,Sumatera,Provinsi Kep. Riau,Kab. Karimun,Johan; Junaeria,Jenny; Johan; Juneria
777959222,17/173/Btm/60,Sinar Ekspresindo Internasional,,71.452.048.3-215.000,1500000000,KPwBI Provinsi Kepulauan Riau,Sumatera,Provinsi Kep. Riau,Kota Batam,AGUSTINUS,AGUSTINUS; ANITA
777959223,17/175/Btm/62,Eli Globalindo Ekspress,,,0,KPwBI Provinsi Kepulauan Riau,Sumatera,Provinsi Kep. Riau,Kota Batam,,
777959227,17/164/Btm/51,Segitiga Jaya Remittance,,,0,KPwBI Provinsi Kepulauan Riau,Sumatera,Provinsi Kep. Riau,Kota Tanjung Pinang,,
777959228,17/165/Btm/50,VDN Trust Remitter,,71.379.747.0-214.000,0,KPwBI Provinsi Kepulauan Riau,Sumatera,Provinsi Kep. Riau,Kota Tanjung Pinang,,
777959229,17/166/Btm/53,Mega Tren Moneyindo,,70.586.889.1-214.000,1000000000,KPwBI Provinsi Kepulauan Riau,Sumatera,Provinsi Kep. Riau,Kota Tanjung Pinang,Robin Tandrean,Ivon; William Wijaya
777959240,17/174/Btm/61,Anugrah Cahaya Indo,,71.257.619.8-215.000,2000000000,KPwBI Provinsi Kepulauan Riau,Sumatera,Provinsi Kep. Riau,Kota Batam,Jefri,Edison; Jefri
777959269,17/158/DKSP/61,AFEX Indonesia,,31.805.233.9-071.000,35185600000,KPwBI Provinsi DKI Jakarta,Jawa,Provinsi DKI Jakarta,Wil. Kota Jakarta Pusat,Jan Vlietstra; Richard Robert Poulton; Rida Wahyu Setyarini,"Asscociated Foreign Exchange Holdings, Inc; Associated Foreign Exchange, Inc."
777959292,17/169/Btm/16,Ultra Niaga Sejahtera Remittance,,71.533.620.2-223.000,500000000,KPwBI Provinsi Kepulauan Riau,Sumatera,Provinsi Kep. Riau,Kab. Karimun,Andi Kusuma,Andi Kusuma; Keng Peng
777959293,17/172/Btm/59,Wira Sindo Trijaya Remittance,,71.484.349.7-223.000,300000000,KPwBI Provinsi Kepulauan Riau,Sumatera,Provinsi Kep. Riau,Kab. Karimun,Jefri,Moen Seng; hendri
777959294,17/170/Btm/57,Karimun Jaya Remittance,,71.533.623.6.223.000,0,KPwBI Provinsi Kepulauan Riau,Sumatera,Provinsi Kep. Riau,Kab. Karimun,,
777959295,17/163/Btm/50,PT Adrian Artha Abadi Remittance,30/06/2024,71.533.619.4-223.000,150000000,KPwBI Provinsi Kepulauan Riau,Sumatera,Provinsi Kep. Riau,Kab. Karimun,,
777959296,17/162//Btm/49,Kurnia Maju Sejati Remittance,,71.533.622.8-233.000,0,KPwBI Provinsi Kepulauan Riau,Sumatera,Provinsi Kep. Riau,Kab. Karimun,,
777959297,17/17/DKSP/62,Berkah Sinar Abadi,,71.699.831.5-022.000,0,KPwBI Provinsi DKI Jakarta,Jawa,Provinsi DKI Jakarta,Wil. Kota Jakarta Pusat,,
777959303,17/160/Btm/4,Makmur Gemilang Sejati,,71.393.155.8-215.000,250000000,KPwBI Provinsi Kepulauan Riau,Sumatera,Provinsi Kep. Riau,Kota Batam,Susanto,Podin; Susanto
777959304,17/171/Btm/58,Lintas Rakyat Remittance,,71.533.621.0-223.000,150000000,KPwBI Provinsi Kepulauan Riau,Sumatera,Provinsi Kep. Riau,Kab. Karimun,Tjin Kiu Sin,Syameyato; Tjin Kiu Sin
777959364,17/181/DKSP/63,Peniti Money Remittance,,72.444.887.3-035.000,0,KPwBI Provinsi DKI Jakarta,Jawa,Provinsi DKI Jakarta,Wil. Kota Jakarta Pusat,,
777959365,17/182/Btm/66,Alfa Gemilang Remittance,,71.974.107.6-215.000,500000000,KPwBI Provinsi Kepulauan Riau,Sumatera,Provinsi Kep. Riau,Kota Batam,Alfian; Ali Hanafiah,Alfian; Ali Hanafiah
777959414,17/183/DKSP/64,Lumbung Berkah Abadi,,02.952.058.2-029.000,0,KPwBI Provinsi DKI Jakarta,Jawa,Provinsi DKI Jakarta,Wil. Kota Jakarta Barat,,
777959434,17/177/Mdn/11,Dana Buana Indonesia,,31.817.044.6-111.000,0,KPwBI Provinsi Sumatera Utara,Sumatera,Provinsi Sumatera Utara,Kota Medan,,
777959544,17/179/Btm/64,Dahlia Artha Niaga,,71.813.947.0-223.000,500000000,KPwBI Provinsi Kepulauan Riau,Sumatera,Provinsi Kep. Riau,Kab. Karimun,Achmad Maulana Sirojjudin,Achmad Maulana Sirojjudin; Khabibah
777959545,17/184/Btm/67,Kolibri Multi Jasa,,,0,KPwBI Provinsi Kepulauan Riau,Sumatera,Provinsi Kep. Riau,Kab. Karimun,,
777959853,18/192/Pdg/1,Uda Metro Remittance,,,0,KPwBI Provinsi Sumatera Barat,Sumatera,Provinsi Sumatera Barat,Kota Padang,,
777960626,18/194/DKSP/67,Duit Sono Sini Remittance,,72.934.419.2-026.000,0,KPwBI Provinsi DKI Jakarta,Jawa,Provinsi DKI Jakarta,Wil. Kota Jakarta Pusat,,
777962666,22/320/Jkt/B/21-001,PT. PAYQUEST NETWORK INDONESIA,01/01/0001,85.371.770.0-008.000,4500000000,KPwBI Provinsi DKI Jakarta,,,,Hendra Sutandinata,Eddy Sutandinata; Hendra Sutandinata
